{"cameraMode":{"drawMode":0,"name":"Shaded","section":"Shading Mode"},"sceneLighting":true,"audioPlay":false,"sceneViewState":{"m_AlwaysRefresh":false,"showFog":true,"showSkybox":true,"showFlares":true,"showImageEffects":true,"showParticleSystems":true,"showVisualEffectGraphs":true,"m_FxEnabled":true},"in2DMode":false,"pivot":{"x":0.3865947723388672,"y":8.240789413452149,"z":-6.92326545715332},"rotation":{"x":0.24429970979690553,"y":-0.03460321202874184,"z":0.008640971034765244,"w":0.9692733287811279},"size":10.468731880187989,"orthographic":true}